{
   "db_score": 1.636617528681325,
   "tsne_n_iter": 899,
   "tsne_perplexity": 100000.0,
   "tsne_learning_rate": 2772.75,
   "tsne_kl_divergence": 0.03062489442527294
}