{
   "db_score": 0.6348875746748175,
   "tsne_n_iter": 2849,
   "tsne_perplexity": 10000.0,
   "tsne_learning_rate": 2772.75,
   "tsne_kl_divergence": 0.6224783062934875
}