{
   "db_score": 1.4265028930195307,
   "tsne_n_iter": 28749,
   "tsne_perplexity": 1000.0,
   "tsne_learning_rate": 2772.75,
   "tsne_kl_divergence": 1.4457616806030273
}