{
   "db_score": 1.456045781505488,
   "tsne_n_iter": 182449,
   "tsne_perplexity": 100.0,
   "tsne_learning_rate": 2772.75,
   "tsne_kl_divergence": 1.9053053855895996
}