{
   "db_score": 16.01362811832977,
   "tsne_n_iter": 1099,
   "tsne_perplexity": 10000.0,
   "tsne_learning_rate": 2772.75,
   "tsne_kl_divergence": 1.118766188621521
}