{
   "db_score": 15.744126081776875,
   "tsne_n_iter": 299699,
   "tsne_perplexity": 100.0,
   "tsne_learning_rate": 2772.75,
   "tsne_kl_divergence": 2.888136148452759
}