{
   "db_score": 12.38694684377413,
   "tsne_n_iter": 799,
   "tsne_perplexity": 100000.0,
   "tsne_learning_rate": 2772.75,
   "tsne_kl_divergence": 0.024958044290542603
}