{
   "db_score": 11.669969236279552,
   "tsne_n_iter": 214299,
   "tsne_perplexity": 1000.0,
   "tsne_learning_rate": 2772.75,
   "tsne_kl_divergence": 2.5566039085388184
}