{
   "db_score": 3.6505222075419397,
   "tsne_n_iter": 225099,
   "tsne_perplexity": 100.0,
   "tsne_learning_rate": 2772.75,
   "tsne_kl_divergence": 1.6012659072875977
}